accepted,creditscore,amount,age,marital,health_ins,creditgrade
0,387,42580093,87,0,0,A
0,400,80816186,49,0,1,A
0,360,37264552,46,1,0,A
0,378,7209235,38,1,0,A
0,387,71637479,51,1,0,A
0,354,95350295,83,0,1,A
0,376,71226628,63,0,1,A
0,381,49280755,55,0,1,A
0,372,66417094,53,0,0,A
0,379,39612809,52,0,0,A
0,390,2443559,67,0,1,A
0,361,82054975,75,0,0,A
0,400,79204805,29,0,1,A
0,363,63029538,63,0,1,A
0,376,86657068,53,1,1,A
0,370,43987017,79,0,1,A
0,373,79453969,72,0,0,A
0,388,57465602,18,0,1,A
0,383,32957870,30,0,0,A
0,367,30801493,81,0,0,A
0,375,4058643,76,1,1,A
0,381,9913155,58,0,0,A
0,367,98016969,33,1,0,A
0,379,85471939,54,0,0,A
0,357,69449927,26,0,0,A
0,396,1706159,37,1,1,A
0,395,22021272,77,0,1,A
0,370,66088525,64,0,1,A
0,361,91114660,27,0,0,A
0,326,54132464,46,0,0,B
0,324,81740368,65,1,1,B
0,348,90985983,20,0,0,B
0,348,29800991,45,0,1,B
0,351,18751818,79,0,0,B
0,347,77588335,38,1,1,B
0,343,9161123,53,0,0,B
0,348,89815999,60,1,1,B
0,333,75271054,36,1,0,B
0,353,92593116,72,0,0,B
0,327,85980323,43,0,1,B
0,337,55843472,71,1,1,B
0,343,2063382,51,0,1,B
0,345,84824938,76,1,0,B
0,320,84533297,70,0,0,B
0,335,62422879,45,1,1,B
0,321,78457273,89,0,1,B
0,352,21638026,45,0,1,B
0,346,85195667,25,1,1,B
0,322,66664383,70,1,1,B
0,328,64212036,50,0,0,B
0,318,5023349,56,1,1,B
0,320,30318894,32,1,0,B
0,331,22268730,18,0,1,B
0,350,45357170,49,0,1,B
0,326,38848726,33,0,0,B
0,333,53020773,26,1,1,B
0,336,54616378,52,0,0,B
0,324,85775552,66,1,0,B
0,322,69218855,44,0,0,B
0,330,90394708,39,0,1,B
0,342,17416569,65,1,1,B
0,344,92952969,75,0,1,B
0,317,22253516,32,0,0,B
0,342,80902271,42,1,0,B
0,330,91726337,26,0,0,B
0,347,78176781,74,0,1,B
0,347,62840780,53,0,0,B
0,318,45449945,36,0,1,B
0,333,33567033,52,0,0,B
0,325,68863877,72,1,1,B
0,351,15010304,46,1,0,B
0,319,62639744,83,0,1,B
0,337,5797706,62,0,1,B
0,322,70429428,85,0,0,B
0,340,21623830,52,0,0,B
0,343,51811032,27,0,0,B
0,322,5584381,87,0,0,B
0,320,11537814,42,1,0,B
0,325,14615270,55,0,0,B
0,346,70703500,59,1,1,B
0,343,25532848,80,0,0,B
0,342,77470907,88,0,0,B
0,324,83553393,63,0,1,B
0,323,41409462,73,0,0,B
0,317,88856652,33,0,0,B
0,321,62367000,43,0,1,B
0,332,22289763,43,0,0,B
0,328,43717690,53,0,0,B
0,338,72610090,50,1,1,B
0,348,57977374,60,1,0,B
0,343,41629367,36,0,1,B
0,324,98885032,26,1,0,B
0,324,19927305,23,1,1,B
0,340,94214217,67,0,0,B
0,281,33127714,40,0,0,C
0,315,25533584,18,1,0,C
0,307,14479362,59,0,0,C
0,307,83192386,55,0,0,C
0,290,48231617,37,0,0,C
0,295,22721604,72,0,0,C
0,310,29207694,76,1,0,C
0,285,94838816,26,1,0,C
0,310,14293509,72,0,0,C
0,301,56543284,59,0,0,C
0,315,21147577,29,0,0,C
0,317,89938054,31,0,0,C
0,281,11406307,62,0,0,C
0,302,5213963,36,1,0,C
0,286,94976184,18,1,0,C
0,285,47874917,82,0,0,C
0,311,73698457,64,0,0,C
0,296,7818756,31,1,0,C
0,296,51594095,78,1,0,C
0,302,74788891,65,0,0,C
0,299,34779917,40,0,0,C
0,301,25916520,48,1,0,C
0,315,51285989,36,1,0,C
0,315,95977608,41,1,0,C
0,313,15366768,64,0,0,C
0,303,99627028,38,0,0,C
0,312,67921523,81,0,0,C
0,307,38345450,29,1,0,C
0,298,39473830,73,0,0,C
0,281,75670960,73,0,0,C
0,306,31006366,45,0,0,C
0,308,67032295,86,0,0,C
0,299,73549978,87,0,0,C
0,283,82157306,19,1,0,C
0,296,76584373,85,0,0,C
0,314,26748418,29,1,0,C
0,295,13729058,38,0,0,C
0,302,29404863,85,0,0,C
0,294,35941585,34,0,0,C
0,297,89361176,36,1,0,C
0,282,28753395,67,0,0,C
0,316,69106673,44,0,0,C
0,312,37562871,53,0,0,C
0,312,96094057,44,1,0,C
0,307,51397658,81,0,0,C
0,309,4197477,80,0,0,C
0,298,8123226,76,0,0,C
0,281,45879695,48,0,0,C
0,285,15023047,31,0,0,C
0,314,80001144,64,0,0,C
0,304,29955424,46,0,0,C
0,301,75359188,34,0,0,C
0,306,34681372,83,0,0,C
0,307,41152170,57,1,0,C
0,281,18873174,46,0,0,C
0,299,25978615,72,0,0,C
0,315,81084460,63,1,0,C
0,289,99205215,88,0,0,C
0,286,66612866,31,0,0,C
0,285,78607735,84,0,0,C
0,283,96676113,75,0,0,C
0,297,77065340,61,0,0,C
0,285,95331308,72,1,0,C
0,282,71994810,55,0,0,C
0,295,71099201,79,0,0,C
0,313,70760384,60,1,0,C
0,284,39952187,73,0,0,C
0,290,61090779,34,0,0,C
0,299,8231350,75,0,0,C
0,288,38823395,57,0,0,C
0,284,32035940,75,0,0,C
0,304,40728037,81,0,0,C
0,295,53055595,42,0,0,C
0,281,62820108,26,0,0,C
0,290,53527658,55,1,0,C
0,292,24491010,29,0,0,C
0,310,35417848,31,0,0,C
0,310,74004943,43,1,0,C
0,294,12914591,70,0,0,C
0,290,26922112,90,0,0,C
0,317,91238212,26,1,0,C
0,316,49589694,19,0,0,C
0,290,12779142,32,0,0,C
0,291,48511312,28,1,0,C
0,282,71676098,18,1,0,C
0,303,37212779,29,1,0,C
0,284,58346612,89,0,0,C
0,288,13155111,81,0,0,C
0,310,2551893,27,0,0,C
0,293,56302738,75,0,0,C
0,315,50182035,60,0,0,C
0,284,91883184,19,0,0,C
0,302,36573528,80,0,0,C
0,285,94398084,50,0,0,C
0,301,24727932,23,0,0,C
0,293,5411326,59,0,0,C
0,297,3346669,22,0,0,C
0,282,35058492,79,0,0,C
0,294,61964577,18,1,0,C
0,281,99197196,45,1,0,C
0,296,47023618,44,0,0,C
0,293,44918615,35,1,0,C
0,287,94152189,35,0,0,C
0,298,64612496,43,1,0,C
0,310,11898981,55,0,0,C
0,300,78799214,32,0,0,C
0,312,3970133,34,1,0,C
0,284,57085233,45,0,0,C
0,284,40853996,87,0,0,C
0,296,38003290,77,1,0,C
0,291,1335446,58,0,0,C
0,296,8380074,22,1,0,C
0,306,5629840,64,0,0,C
0,312,66760489,62,1,0,C
0,288,27408962,38,1,0,C
0,298,99654972,59,1,0,C
0,317,10025513,87,0,0,C
0,302,64226446,72,0,0,C
0,298,25077413,23,1,0,C
0,284,61319492,83,0,0,C
0,292,74181524,82,0,0,C
0,284,70834965,48,1,0,C
0,317,12851416,22,1,0,C
0,294,91333741,76,1,0,C
0,286,24212617,63,0,0,C
0,315,64018463,45,0,0,C
0,309,28601303,90,0,0,C
0,289,76546839,30,1,0,C
0,290,36983159,65,0,0,C
0,290,84792233,82,0,0,C
0,310,28042455,83,0,0,C
0,283,9319371,23,0,0,C
0,315,78064227,74,0,0,C
0,282,65896619,49,0,0,C
0,282,27378155,76,1,0,C
0,285,92831781,57,0,0,C
0,295,42006110,69,0,0,C
0,308,52363584,27,0,0,C
0,306,5853740,85,0,0,C
0,286,78351753,64,0,0,C
0,287,28191311,29,1,0,C
0,297,31411047,61,0,0,C
0,304,80174998,57,1,0,C
0,316,23469894,49,0,0,C
0,281,67940444,33,0,0,C
0,307,64878510,51,0,0,C
0,309,8053184,44,1,0,C
0,282,6304781,50,0,0,C
0,286,52192098,83,0,0,C
0,309,90661160,58,0,0,C
0,299,86756760,27,0,0,C
0,283,99591078,49,1,0,C
0,315,55204976,49,1,0,C
0,296,74692413,18,1,0,C
0,301,32965878,62,0,0,C
0,287,13917541,81,0,0,C
0,305,16665375,29,0,0,C
0,296,21991098,32,0,0,C
0,285,51662336,46,1,0,C
0,283,13127928,80,0,0,C
0,291,86361603,33,0,0,C
0,303,38101137,56,0,0,C
0,296,68310815,61,1,0,C
0,311,54806950,79,0,0,C
0,303,15708031,86,0,0,C
0,293,77141259,34,0,0,C
0,304,16717856,84,0,0,C
0,297,23317909,31,1,0,C
0,284,63939884,81,0,0,C
0,309,34732421,74,0,0,C
0,293,68088825,65,0,0,C
0,317,96114201,78,0,0,C
0,306,60302182,65,0,0,C
0,307,9016171,41,0,0,C
0,301,58994823,27,1,0,C
0,290,12073634,42,1,0,C
0,303,66644258,44,0,0,C
0,306,26613775,43,0,0,C
0,290,78572407,58,1,0,C
0,296,14756146,34,0,0,C
0,302,84852178,66,1,0,C
0,294,41960240,27,1,0,C
0,289,11355855,89,0,0,C
0,301,97971043,31,0,0,C
0,295,93197557,89,0,0,C
0,304,39589062,43,0,0,C
0,308,80847134,25,0,0,C
0,291,78061371,19,0,0,C
0,283,15336802,75,1,0,C
0,290,78935986,34,0,0,C
0,284,89891388,44,1,0,C
0,307,51626081,20,1,0,C
0,298,47166678,33,0,0,C
0,317,2252402,23,0,0,C
0,303,71013128,65,1,0,C
0,313,5224225,67,0,0,C
0,301,20222284,43,0,0,C
0,300,15849370,66,0,0,C
0,286,42295533,31,0,0,C
0,296,3354668,56,0,0,C
0,286,58151413,43,1,0,C
0,297,12540566,78,1,0,C
0,299,50379210,24,0,0,C
0,281,27753297,37,1,0,C
0,300,49536896,67,1,0,C
0,304,34583248,33,0,0,C
0,283,17853647,49,1,0,C
0,305,28249553,43,1,0,C
0,313,39579629,27,0,0,C
0,314,43323770,64,0,0,C
0,286,61032464,71,0,0,C
0,285,69697095,84,0,0,C
0,287,21969818,40,0,0,C
0,302,59179013,58,0,0,C
0,288,32488280,89,0,0,C
0,312,62742587,61,0,0,C
0,311,24263798,46,1,0,C
0,311,2178972,74,1,0,C
0,309,17509713,51,1,0,C
0,311,12758764,31,0,0,C
0,315,42186112,55,0,0,C
0,282,26080541,51,0,0,C
0,302,22567546,55,0,0,C
0,285,36140496,75,1,0,C
0,294,63443994,57,0,0,C
0,311,43781048,77,0,0,C
0,286,52842491,77,0,0,C
0,308,29072056,24,0,0,C
0,294,39122369,58,0,0,C
0,305,91825884,26,1,0,C
0,284,49591900,37,1,0,C
0,296,67962375,61,1,0,C
0,294,77703748,40,1,0,C
0,303,17712559,56,1,0,C
0,314,29809408,47,0,0,C
0,281,30921374,54,0,0,C
0,287,94444729,41,0,0,C
0,296,91308158,68,0,0,C
0,285,61282971,29,0,0,C
0,304,37717288,39,0,0,C
0,294,82011113,58,0,0,C
0,281,64143706,73,1,0,C
0,282,30048431,73,0,0,C
0,283,8698461,80,0,0,C
0,284,47454122,30,1,0,C
0,300,28932636,19,0,0,C
0,314,84279269,47,0,0,C
0,305,98907880,54,0,0,C
0,305,32430563,19,0,0,C
0,311,89890705,39,0,0,C
0,289,59039497,52,0,0,C
0,316,88082619,19,0,0,C
0,313,69641508,67,1,0,C
0,276,11247908,89,0,0,D
0,260,53280487,64,0,0,D
0,277,17268324,58,1,0,D
0,249,50371540,86,0,0,D
0,252,9315455,63,0,0,D
0,279,71225162,58,0,0,D
0,237,80267910,78,0,0,D
0,255,97784372,69,0,0,D
0,254,90093586,80,0,0,D
0,236,16387074,74,1,0,D
0,250,73819463,18,0,0,D
0,245,84416883,67,0,0,D
0,274,88481763,65,1,0,D
0,275,96719677,82,0,0,D
0,255,55373136,28,1,0,D
0,258,80752578,19,0,0,D
0,249,32800234,72,0,0,D
0,235,4878585,64,0,0,D
0,261,55924165,56,1,0,D
0,261,32620907,63,0,0,D
0,237,39737427,76,0,0,D
0,278,51150939,64,0,0,D
0,244,76384993,76,0,0,D
0,255,24606871,69,1,0,D
0,238,87138298,57,0,0,D
0,260,90681246,89,0,0,D
0,273,74694725,87,0,0,D
0,260,87169216,66,0,0,D
0,248,83349013,85,0,0,D
0,268,76400740,24,0,0,D
0,242,56900098,18,0,0,D
0,249,75400174,86,0,0,D
0,273,30428071,23,1,0,D
0,267,21363941,88,0,0,D
0,275,66262061,66,1,0,D
0,274,37939659,22,0,0,D
0,277,11265764,90,0,0,D
0,262,68138542,74,0,0,D
0,242,22640825,24,0,0,D
0,270,89534822,77,0,0,D
0,280,75475166,88,0,0,D
0,275,6229611,30,1,0,D
0,249,57255792,85,0,0,D
0,263,54346123,90,0,0,D
0,270,68801876,74,0,0,D
0,271,69636989,21,0,0,D
0,255,79893778,81,0,0,D
0,272,8103772,65,0,0,D
0,273,32971389,85,0,0,D
0,236,20166700,62,0,0,D
0,262,52450185,64,1,0,D
0,279,7361335,68,0,0,D
0,272,95438529,73,1,0,D
0,277,13857161,64,1,0,D
0,281,55613646,63,0,0,D
0,255,88238974,63,0,0,D
0,242,20933611,79,0,0,D
0,273,43529598,76,1,0,D
0,264,22156713,76,1,0,D
0,248,91843263,84,0,0,D
0,239,14562129,67,1,0,D
0,241,74949018,19,1,0,D
0,281,30753005,29,1,0,D
0,235,93837756,79,0,0,D
0,275,61702703,79,0,0,D
0,255,11162661,74,0,0,D
0,255,65533086,82,0,0,D
0,275,30166788,25,0,0,D
0,278,87773897,82,0,0,D
0,258,72783827,61,0,0,D
0,253,99028473,78,1,0,D
0,239,4912123,55,0,0,D
0,241,77836860,84,0,0,D
0,266,35151607,73,0,0,D
0,280,70689597,21,0,0,D
0,278,34952724,87,0,0,D
0,277,36518126,21,0,0,D
0,281,54122919,55,1,0,D
0,243,37919597,90,0,0,D
0,249,89502809,80,0,0,D
0,280,99446012,26,0,0,D
0,247,15723456,57,0,0,D
0,265,98057440,24,1,0,D
0,279,71791323,28,1,0,D
0,261,66680493,24,0,0,D
0,278,50805203,67,0,0,D
0,248,35704455,66,0,0,D
0,271,39204804,20,0,0,D
0,273,73057535,25,0,0,D
0,266,77418410,72,1,0,D
0,236,37115811,57,1,0,D
0,261,4288955,18,1,0,D
0,245,87129727,85,0,0,D
0,273,28431559,76,0,0,D
0,253,41198500,76,1,0,D
0,252,9302047,81,0,0,D
0,258,91403433,25,0,0,D
0,248,60594310,87,0,0,D
0,280,97933294,75,0,0,D
0,273,1718896,80,0,0,D
0,250,52653586,28,1,0,D
0,238,75302851,23,1,0,D
0,253,81726566,23,0,0,D
0,237,65017437,77,0,0,D
0,236,29772164,27,0,0,D
0,276,98727329,61,0,0,D
0,256,36014203,59,0,0,D
0,254,66313059,22,0,0,D
0,269,67429923,30,1,0,D
0,269,92094948,27,0,0,D
0,265,10251314,70,0,0,D
0,235,66017858,21,0,0,D
0,259,24332770,70,0,0,D
0,277,95773762,78,1,0,D
0,254,44489045,77,1,0,D
0,277,78420328,84,0,0,D
0,247,28488281,85,0,0,D
0,274,99642925,56,0,0,D
0,275,44686346,78,1,0,D
0,257,72175909,67,0,0,D
0,265,63166775,63,1,0,D
0,244,28614361,62,1,0,D
0,276,13340409,23,0,0,D
0,242,11987484,84,0,0,D
0,243,66973101,83,0,0,D
0,262,37797126,69,0,0,D
0,264,29856908,79,0,0,D
0,247,28429635,80,0,0,D
0,238,87431336,19,1,0,D
0,271,94936544,60,0,0,D
0,242,94572172,64,0,0,D
0,248,5710575,27,1,0,D
0,265,58678787,28,0,0,D
0,244,93433724,21,0,0,D
0,255,39361694,21,0,0,D
0,244,99300257,28,0,0,D
0,257,95545642,71,0,0,D
0,270,72330848,67,0,0,D
0,246,17438791,56,0,0,D
0,246,23432501,69,1,0,D
0,236,66166940,18,0,0,D
0,237,16490030,20,0,0,D
0,249,33272302,29,1,0,D
0,274,17453523,84,0,0,D
0,249,35844398,86,0,0,D
0,266,56480444,83,0,0,D
0,258,88631772,20,0,0,D
0,258,70605433,65,0,0,D
0,273,3139873,67,0,0,D
0,264,60734827,65,0,0,D
0,241,81552136,59,1,0,D
0,254,57465461,66,0,0,D
0,235,53462823,72,0,0,D
0,274,44365442,80,0,0,D
0,239,95166275,77,1,0,D
0,273,19595679,80,0,0,D
0,268,2823050,30,1,0,D
0,261,68264791,62,0,0,D
0,263,99688118,66,1,0,D
0,264,1236125,55,0,0,D
0,279,42048406,61,0,0,D
0,243,65598286,77,0,0,D
0,241,60041164,79,0,0,D
0,268,75426570,63,0,0,D
0,242,22295451,18,0,0,D
0,281,75088630,85,0,0,D
0,255,31946995,25,0,0,D
0,256,35217330,77,1,0,D
0,246,27380941,59,1,0,D
0,261,23289693,66,0,0,D
0,249,25521028,28,1,0,D
0,266,49512076,20,1,0,D
0,263,24670028,74,1,0,D
0,235,70332470,87,0,0,D
0,244,23204916,74,0,0,D
0,256,92163930,71,0,0,D
0,242,92011200,61,0,0,D
0,246,7159464,73,0,0,D
0,264,83138170,56,0,0,D
0,254,80587246,81,0,0,D
0,269,76284182,77,0,0,D
0,243,85779325,70,0,0,D
0,249,10908847,20,0,0,D
0,239,73881587,60,0,0,D
0,278,58277774,75,1,0,D
0,268,98714341,81,0,0,D
0,251,47726982,76,0,0,D
0,278,71270149,75,0,0,D
0,267,9951637,20,0,0,D
0,238,16902590,60,0,0,D
0,251,53750487,76,0,0,D
0,250,73845707,19,0,0,D
0,261,40141775,89,0,0,D
0,253,91160182,30,0,0,D
0,238,62460237,87,0,0,D
0,240,17649635,60,0,0,D
0,239,33116203,75,0,0,D
0,262,71989752,68,0,0,D
0,278,90123576,90,0,0,D
0,278,59146580,81,0,0,D
0,265,1312659,67,0,0,D
0,250,2164197,78,0,0,D
0,270,2670155,89,0,0,D
0,271,44890877,20,1,0,D
0,243,10676384,83,0,0,D
0,235,44811422,63,0,0,D
0,267,7758501,81,0,0,D
0,268,15488991,77,1,0,D
0,259,75343289,73,0,0,D
0,281,98572458,67,1,0,D
0,274,73046065,56,1,0,D
0,265,52020224,75,1,0,D
0,251,5658582,20,0,0,D
0,247,64257935,81,0,0,D
0,280,30524936,55,0,0,D
0,273,20067851,62,0,0,D
0,258,7829030,70,0,0,D
0,248,40115273,62,1,0,D
0,255,9253178,29,1,0,D
0,253,11889360,88,0,0,D
0,272,81798501,76,0,0,D
0,279,76312054,81,0,0,D
0,262,38438427,70,0,0,D
0,259,89730667,58,0,0,D
0,237,57099386,56,1,0,D
0,271,36860833,67,1,0,D
0,272,21764952,18,0,0,D
0,246,55839953,79,0,0,D
0,278,37680116,70,1,0,D
0,247,13143310,26,1,0,D
0,256,47091914,89,0,0,D
0,262,90278943,29,1,0,D
0,261,60143184,25,0,0,D
0,268,41540565,89,0,0,D
0,255,59145275,30,0,0,D
0,267,54565657,87,0,0,D
0,265,37919878,78,0,0,D
0,251,64602378,90,0,0,D
0,269,81053207,81,0,0,D
0,272,85221764,86,0,0,D
0,256,7789704,63,0,0,D
0,246,95184304,66,0,0,D
0,275,11347428,75,0,0,D
0,271,47120449,76,0,0,D
0,276,92439073,90,0,0,D
0,250,83260659,22,1,0,D
0,245,32925510,59,1,0,D
0,241,16152768,90,0,0,D
0,252,94410165,22,1,0,D
0,267,54394534,67,0,0,D
0,275,97345551,20,1,0,D
0,247,11707493,81,0,0,D
0,257,42528463,87,0,0,D
0,262,32765535,76,0,0,D
0,244,34911192,87,0,0,D
0,254,60245977,74,1,0,D
0,269,87101183,66,0,0,D
0,279,61752718,22,1,0,D
0,237,74370702,73,1,0,D
0,237,45818220,25,0,0,D
0,239,53349272,74,1,0,D
0,249,36156314,86,0,0,D
0,275,16191272,19,1,0,D
0,243,46160991,81,0,0,D
0,252,46270719,22,0,0,D
0,274,83680791,61,1,0,D
0,240,4229592,89,0,0,D
0,248,21729733,58,0,0,D
0,243,3077501,75,1,0,D
0,235,36496181,63,0,0,D
0,255,73861354,82,0,0,D
0,247,69666813,83,0,0,D
0,267,38510674,72,0,0,D
0,239,48721080,71,1,0,D
0,265,86024892,23,1,0,D
0,263,59692598,55,0,0,D
0,235,37988978,57,0,0,D
0,257,3892226,27,1,0,D
0,274,12264968,63,1,0,D
0,278,86987271,20,0,0,D
0,279,89385458,87,0,0,D
0,259,32610524,81,0,0,D
0,247,73908840,20,0,0,D
0,258,14613911,80,0,0,D
0,276,68695475,87,0,0,D
0,269,55091468,57,1,0,D
0,244,90805989,78,0,0,D
0,248,31742532,86,0,0,D
0,275,50566896,64,1,0,D
0,248,54163274,67,0,0,D
0,258,40944099,62,0,0,D
0,266,71383178,69,0,0,D
0,275,15738048,64,1,0,D
0,262,96641569,27,0,0,D
0,244,87176255,90,0,0,D
0,257,95553938,28,0,0,D
0,251,91257041,30,1,0,D
0,268,83992938,62,0,0,D
0,243,61064936,71,1,0,D
0,259,94375285,87,0,0,D
0,243,40563894,64,1,0,D
0,274,94782480,23,0,0,D
0,271,17703013,72,0,0,D
0,244,95260809,23,0,0,D
0,240,55839440,89,0,0,D
0,244,6075811,90,0,0,D
0,242,9513432,75,0,0,D
0,269,82715305,68,1,0,D
0,238,57209589,78,0,0,D
0,275,79229884,63,0,0,D
0,280,84959190,67,1,0,D
0,278,23665615,83,0,0,D
0,265,68651562,27,1,0,D
0,236,59338926,30,0,0,D
0,254,6019570,78,1,0,D
0,264,25567855,57,0,0,D
0,247,29364130,65,0,0,D
0,238,85902080,29,1,0,D
0,244,28790925,65,1,0,D
0,243,65016236,85,0,0,D
0,279,2184149,71,0,0,D
0,261,36208366,56,0,0,D
0,279,67518488,89,0,0,D
0,238,7392446,59,0,0,D
0,243,92600258,66,0,0,D
0,246,46735910,73,0,0,D
0,268,17384620,62,0,0,D
0,275,44908893,83,0,0,D
0,254,51423545,63,1,0,D
0,272,77016268,78,0,0,D
0,260,97313342,67,1,0,D
0,246,31158523,30,0,0,D
0,264,12325656,73,0,0,D
0,264,28269495,64,1,0,D
0,276,74375722,86,0,0,D
0,279,10887209,72,0,0,D
0,258,81782705,67,0,0,D
0,250,35521538,69,0,0,D
0,243,21117969,88,0,0,D
0,276,94100582,79,0,0,D
0,277,56740309,29,1,0,D
0,252,53085454,88,0,0,D
0,256,92674395,80,0,0,D
0,257,89686036,27,0,0,D
0,276,73200850,85,0,0,D
0,239,78696637,59,1,0,D
0,250,24777591,86,0,0,D
0,267,29408073,18,0,0,D
0,247,98057335,84,0,0,D
0,268,40980271,61,1,0,D
0,244,83688174,20,0,0,D
0,263,85137561,82,0,0,D
0,281,36972008,77,0,0,D
0,242,13099926,25,0,0,D
0,270,84299943,66,0,0,D
0,243,8937542,90,0,0,D
0,276,71632056,55,0,0,D
0,260,12398294,29,1,0,D
0,272,51798100,83,0,0,D
0,268,3624807,67,1,0,D
0,270,24596289,18,1,0,D
0,260,97729670,58,0,0,D
0,271,31659163,21,1,0,D
0,235,45416075,55,0,0,D
0,238,55607575,23,0,0,D
0,266,32764729,69,0,0,D
0,240,26731725,59,0,0,D
0,246,32721082,67,1,0,D
0,238,44023325,67,0,0,D
0,196,84437897,62,0,0,E
0,100,5036314,77,0,0,E
0,143,42290330,86,0,0,E
0,200,82769609,79,0,0,E
0,152,55937882,90,0,0,E
0,163,61444061,76,1,0,E
0,151,51486689,79,0,0,E
0,140,99509579,73,1,0,E
0,195,63215789,60,0,0,E
0,109,65300253,58,1,0,E
0,182,58741552,87,0,0,E
0,215,43198402,59,0,0,E
0,183,91692359,68,1,0,E
0,124,76320972,83,0,0,E
0,116,31984607,55,0,0,E
0,170,24485333,77,1,0,E
0,158,55521598,57,0,0,E
0,134,17392644,72,0,0,E
0,109,51305157,84,0,0,E
0,151,35294953,58,0,0,E
0,102,80679996,81,0,0,E
0,146,1534616,72,0,0,E
0,135,27886716,69,0,0,E
0,193,81563698,70,1,0,E
0,192,1425654,71,1,0,E
0,145,52950477,80,0,0,E
0,213,4011650,61,0,0,E
0,176,78768931,74,0,0,E
0,219,50069850,79,0,0,E
0,135,67982838,84,0,0,E
0,228,57921905,74,1,0,E
0,228,83225032,66,0,0,E
0,116,84846860,74,0,0,E
0,208,30962256,87,0,0,E
0,154,36983476,69,0,0,E
0,111,51304839,76,1,0,E
0,195,39837727,80,0,0,E
0,160,27378999,64,0,0,E
0,137,5597711,80,0,0,E
0,218,79287243,79,0,0,E
0,216,9608824,78,1,0,E
0,175,67371411,88,0,0,E
0,139,51585904,82,0,0,E
0,119,9810949,74,0,0,E
0,104,88669368,83,0,0,E
0,222,53109506,72,0,0,E
0,115,94265536,72,0,0,E
0,160,19222545,88,0,0,E
0,204,77783035,59,0,0,E
0,232,54750591,79,0,0,E
0,191,75691743,73,0,0,E
0,109,25430276,83,0,0,E
0,193,77882843,83,0,0,E
0,197,30718932,83,0,0,E
0,228,79815134,75,0,0,E
0,143,3054837,56,0,0,E
0,103,22927207,88,0,0,E
0,232,80213891,89,0,0,E
0,149,36682378,67,0,0,E
0,191,34740303,85,0,0,E
0,118,18674311,56,0,0,E
0,210,14857838,74,1,0,E
0,189,7461534,74,0,0,E
0,154,27102726,82,0,0,E
0,223,4612868,68,1,0,E
0,188,34862816,86,0,0,E
0,141,91968773,59,0,0,E
0,217,50583431,79,0,0,E
0,114,84355666,61,0,0,E
0,145,21349930,65,0,0,E
0,196,62020769,89,0,0,E
0,140,72216048,87,0,0,E
0,127,38788022,83,0,0,E
0,165,32711144,64,1,0,E
0,154,99133476,87,0,0,E
0,200,73148400,60,1,0,E
0,202,2739324,67,1,0,E
0,171,71032027,56,0,0,E
0,191,76006153,83,0,0,E
0,211,75283183,82,0,0,E
0,120,72501795,66,0,0,E
0,100,46480680,58,1,0,E
0,208,36065227,84,0,0,E
0,201,75236696,67,0,0,E
0,100,32043272,70,0,0,E
0,201,27846687,83,0,0,E
0,187,82874704,88,0,0,E
0,225,19379883,73,1,0,E
0,166,73169286,88,0,0,E
0,136,73548691,81,0,0,E
0,151,58601375,55,0,0,E
0,235,99372792,59,0,0,E
0,212,34020182,59,0,0,E
0,150,85493442,77,0,0,E
0,180,58860690,60,0,0,E
0,195,28906253,68,0,0,E
0,222,90170814,81,0,0,E
0,127,76887420,84,0,0,E
0,143,49347437,72,0,0,E
0,109,2450349,59,0,0,E
0,131,13495238,67,0,0,E
0,145,6244255,67,0,0,E
0,170,55281401,74,0,0,E
0,173,56444039,79,0,0,E
0,160,53663867,69,0,0,E
0,216,80851238,86,0,0,E
0,199,68384691,73,0,0,E
0,113,35680591,60,1,0,E
0,206,67620057,70,0,0,E
0,210,97709087,61,0,0,E
0,166,89269157,65,0,0,E
0,143,33187113,63,1,0,E
0,168,90475500,73,1,0,E
0,163,94659166,56,0,0,E
0,118,43397347,69,0,0,E
0,160,43008937,71,0,0,E
0,166,16900502,79,0,0,E
0,206,90346620,69,0,0,E
0,129,31814500,88,0,0,E
0,132,50014921,85,0,0,E
0,105,35432691,59,0,0,E
0,118,33560268,59,0,0,E
0,232,84882082,64,0,0,E
0,169,67711165,67,0,0,E
0,157,37824042,76,1,0,E
0,137,81592910,88,0,0,E
0,108,45677651,90,0,0,E
0,235,78661915,59,0,0,E
0,150,20813101,66,0,0,E
0,187,64863020,59,1,0,E
0,208,89618843,73,0,0,E
0,210,69336339,59,0,0,E
0,202,16347181,85,0,0,E
0,213,7777588,81,0,0,E
0,199,98535925,79,0,0,E
0,162,46870434,60,0,0,E
0,175,75306720,55,1,0,E
0,129,31545765,55,0,0,E
0,160,50368467,80,0,0,E
0,178,77088444,62,0,0,E
0,145,34532632,77,0,0,E
0,110,62834546,83,0,0,E
0,142,85629561,81,0,0,E
0,140,82807199,70,1,0,E
0,118,11989843,83,0,0,E
0,233,89411754,67,0,0,E
0,213,19598042,60,0,0,E
0,212,39177100,58,0,0,E
0,181,76237609,87,0,0,E
0,224,50971250,69,1,0,E
0,189,70153424,87,0,0,E
0,173,40969260,60,1,0,E
0,234,73366225,69,1,0,E
0,163,39704524,58,0,0,E
0,161,87412780,62,0,0,E
0,138,1108287,80,0,0,E
0,105,94788178,88,0,0,E
0,121,18716442,89,0,0,E
0,115,82501140,83,0,0,E
0,112,36447879,64,0,0,E
0,117,65407726,61,1,0,E
0,187,15183638,78,0,0,E
0,170,66229654,81,0,0,E
0,201,54578092,76,1,0,E
0,231,67872343,81,0,0,E
0,144,22427426,81,0,0,E
0,138,3880048,66,0,0,E
0,149,28022917,64,0,0,E
0,198,39115214,67,0,0,E
0,106,55674590,65,0,0,E
0,200,12005228,71,0,0,E
0,181,57276219,81,0,0,E
0,231,64734696,74,0,0,E
0,168,23552056,89,0,0,E
0,172,36136344,88,0,0,E
0,234,66822026,55,0,0,E
0,133,10117628,82,0,0,E
0,111,12008380,79,0,0,E
0,187,68005171,72,0,0,E
0,112,88271947,57,0,0,E
0,152,72579989,65,1,0,E
0,189,1104950,57,1,0,E
0,235,98299152,65,0,0,E
0,105,18291082,84,0,0,E
0,215,37516081,78,0,0,E
0,179,98796505,77,0,0,E
0,196,95391666,83,0,0,E
0,197,96966673,84,0,0,E
0,145,31103594,58,0,0,E
0,118,2432855,89,0,0,E
0,211,38578910,73,0,0,E
0,151,49772369,74,0,0,E
0,159,1188999,55,0,0,E
0,146,3023213,83,0,0,E
0,174,35986330,65,1,0,E
0,231,29378981,76,1,0,E
0,134,76306818,69,0,0,E
0,209,72413112,57,0,0,E
0,211,55931226,65,0,0,E
0,109,24326804,79,0,0,E
0,137,37568308,90,0,0,E
0,187,7615685,65,0,0,E
0,159,39569643,89,0,0,E
0,186,46006300,79,0,0,E
0,200,76951107,75,1,0,E
0,147,30532790,89,0,0,E
0,197,71986534,80,0,0,E
0,110,31618550,65,1,0,E
0,140,34693292,62,1,0,E
0,162,12182258,62,0,0,E
0,208,60934840,58,1,0,E
0,201,62592569,59,0,0,E
0,102,56521879,59,0,0,E
0,216,3771309,67,0,0,E
0,228,80584919,58,0,0,E
0,227,28036285,79,0,0,E
0,156,12176310,87,0,0,E
0,165,30473401,69,0,0,E
0,185,56868429,60,0,0,E
0,135,16212188,58,0,0,E
0,230,32350005,56,0,0,E
0,137,16981744,82,0,0,E
0,141,29445990,79,0,0,E
0,106,51771365,70,0,0,E
0,119,50601480,78,1,0,E
0,168,95643700,62,0,0,E
0,158,25829813,75,0,0,E
0,116,25893092,57,0,0,E
0,121,5072817,57,0,0,E
0,218,72645641,59,0,0,E
0,198,25703799,58,0,0,E
0,143,85147244,80,0,0,E
0,161,77930706,68,0,0,E
0,161,89340252,87,0,0,E
0,226,1991902,68,0,0,E
0,209,60340085,66,0,0,E
0,108,42133761,56,0,0,E
0,185,79727628,79,0,0,E
0,182,78291112,60,1,0,E
0,214,58056074,63,0,0,E
0,219,30694285,81,0,0,E
0,221,48326081,81,0,0,E
0,221,74481559,57,0,0,E
0,179,87704524,86,0,0,E
0,219,71166539,72,1,0,E
0,133,91279584,81,0,0,E
0,185,27062660,79,0,0,E
0,188,24101574,86,0,0,E
0,107,20665955,58,1,0,E
0,199,40299207,76,0,0,E
0,146,6412179,57,1,0,E
0,142,75732129,65,0,0,E
0,130,35644903,76,0,0,E
0,151,44025201,66,1,0,E
0,185,83584447,74,0,0,E
0,228,71345891,88,0,0,E
0,120,61489045,63,1,0,E
0,217,95886672,64,1,0,E
0,154,50352786,55,0,0,E
0,127,55604313,62,0,0,E
0,233,76845077,80,0,0,E
0,225,42271209,56,0,0,E
0,161,51584283,86,0,0,E
0,183,67497830,86,0,0,E
0,152,73376101,84,0,0,E
0,188,69079476,56,0,0,E
0,230,44734564,82,0,0,E
0,124,90630225,72,0,0,E
0,118,90029352,72,1,0,E
0,198,16637503,78,0,0,E
0,166,71271174,76,0,0,E
0,196,38141417,90,0,0,E
0,136,18680566,69,0,0,E
0,120,18593609,74,0,0,E
0,188,66777493,65,0,0,E
0,199,75955397,60,0,0,E
0,126,77143380,66,1,0,E
0,122,33535277,63,0,0,E
0,132,5112026,82,0,0,E
0,191,1427116,73,1,0,E
0,112,65490330,70,0,0,E
0,156,69905101,69,1,0,E
0,153,70813709,58,0,0,E
0,109,38405249,85,0,0,E
0,227,11377010,78,0,0,E
0,192,73796918,78,0,0,E
0,232,22326710,90,0,0,E
0,152,51811727,87,0,0,E
0,163,29892647,66,0,0,E
0,166,87480717,80,0,0,E
0,140,64462309,89,0,0,E
0,204,22440254,76,1,0,E
0,151,15673789,81,0,0,E
0,181,90757916,55,0,0,E
0,141,95038983,71,1,0,E
0,147,59287994,68,0,0,E
0,109,74346219,89,0,0,E
0,182,10182206,69,1,0,E
0,226,56210582,63,1,0,E
0,222,7758470,78,0,0,E
0,170,21891742,67,0,0,E
0,188,51712643,73,0,0,E
0,129,53202741,79,0,0,E
0,201,3537047,66,1,0,E
0,122,35341279,76,1,0,E
0,233,70399328,90,0,0,E
0,144,42506022,85,0,0,E
0,189,55656952,63,0,0,E
0,180,18322565,73,0,0,E
0,166,83435932,82,0,0,E
0,133,7011962,58,0,0,E
0,148,69764585,70,1,0,E
0,158,70231541,90,0,0,E
0,192,16397207,65,0,0,E
0,130,48721157,57,1,0,E
0,207,29741687,82,0,0,E
0,177,56920268,57,1,0,E
0,176,19276383,79,0,0,E
0,165,88925156,88,0,0,E
0,215,49481824,81,0,0,E
0,145,47491468,66,1,0,E
0,224,49981853,61,1,0,E
0,102,2901299,79,0,0,E
0,138,9338144,57,0,0,E
0,235,7916634,64,1,0,E
0,126,50667152,64,1,0,E
0,149,28393988,62,1,0,E
0,112,98763541,57,0,0,E
0,143,69987797,65,1,0,E
0,107,18135351,79,0,0,E
0,205,67057436,85,0,0,E
0,192,56138869,88,0,0,E
0,142,57951759,82,0,0,E
0,176,96550635,71,0,0,E
0,130,28435908,78,0,0,E
0,228,96263918,58,0,0,E
0,109,93757183,86,0,0,E
0,130,26383975,71,0,0,E
0,136,59648514,84,0,0,E
0,132,22042677,90,0,0,E
0,142,29176893,82,0,0,E
0,235,68288082,69,1,0,E
0,218,34681570,83,0,0,E
0,181,21744030,60,0,0,E
0,125,76642275,84,0,0,E
0,200,37014809,56,0,0,E
0,184,14690817,77,1,0,E
0,164,16804568,88,0,0,E
0,196,97272651,55,0,0,E
0,214,48812152,67,1,0,E
0,142,81463659,59,0,0,E
0,184,93999320,84,0,0,E
0,108,51661262,55,0,0,E
0,207,53311566,69,1,0,E
0,147,70717322,71,1,0,E
0,219,46096130,81,0,0,E
0,162,48822615,59,1,0,E
0,160,98595583,64,1,0,E
0,233,1441460,80,0,0,E
0,164,44204115,84,0,0,E
0,109,81913430,83,0,0,E
0,153,77698239,69,0,0,E
0,126,97530016,67,0,0,E
0,212,81621568,78,0,0,E
0,167,82371316,55,1,0,E
0,188,17108948,71,0,0,E
0,228,50702613,80,0,0,E
0,169,24307719,88,0,0,E
0,167,78576910,79,0,0,E
0,213,76617460,61,1,0,E
0,193,79222043,87,0,0,E
0,145,30684597,87,0,0,E
0,168,64907231,73,0,0,E
0,107,72884483,71,1,0,E
0,214,17198285,72,1,0,E
0,109,49812779,78,0,0,E
0,160,82482388,82,0,0,E
0,127,50885708,65,0,0,E
0,104,88334206,57,0,0,E
0,225,88650425,70,0,0,E
0,198,4830097,81,0,0,E
0,138,63269528,66,0,0,E
0,146,32580644,74,0,0,E
0,102,96209790,86,0,0,E
0,117,89041019,76,1,0,E
0,195,90843550,90,0,0,E
0,204,44901064,86,0,0,E
0,173,80040775,68,1,0,E
0,135,65674765,87,0,0,E
0,115,21710512,67,1,0,E
0,155,42878793,70,1,0,E
0,137,81824054,70,0,0,E
0,101,35863169,63,0,0,E
0,125,16283435,79,0,0,E
0,173,76818958,61,0,0,E
0,148,84875359,88,0,0,E
0,127,9050452,80,0,0,E
0,182,83873383,84,0,0,E
0,169,2721421,89,0,0,E
0,208,95647315,87,0,0,E
0,196,30818407,59,0,0,E
0,117,34010206,73,0,0,E
0,219,85295166,63,0,0,E
0,146,98679716,69,1,0,E
0,128,66564871,61,1,0,E
0,178,14260097,71,1,0,E
0,129,89471561,76,1,0,E
0,155,18560361,81,0,0,E
0,115,37072848,89,0,0,E
0,109,41682899,85,0,0,E
0,147,94204435,58,0,0,E
0,105,64102279,69,1,0,E
0,180,6844084,56,0,0,E
0,124,49705813,88,0,0,E
0,128,67626105,60,0,0,E
0,150,53969273,85,0,0,E
0,217,35319604,58,0,0,E
0,115,13612521,62,0,0,E
0,231,19113340,64,0,0,E
0,161,62803712,62,0,0,E
0,161,42450242,69,1,0,E
0,217,87712604,60,0,0,E
0,233,16253755,56,0,0,E
0,168,1610504,59,1,0,E
0,101,12740307,81,0,0,E
0,124,96688986,57,0,0,E
0,233,77043757,84,0,0,E
0,188,46528192,79,0,0,E
0,144,22374653,58,0,0,E
0,132,69885763,81,0,0,E
0,115,44988550,63,0,0,E
0,116,1227596,85,0,0,E
0,142,8400535,61,0,0,E
0,214,65044976,87,0,0,E
0,157,14321256,61,0,0,E
0,196,19105540,59,0,0,E
0,200,99959915,75,0,0,E
0,162,95602002,55,0,0,E
0,157,48121324,73,1,0,E
0,206,12222488,84,0,0,E
0,213,74078531,80,0,0,E
0,124,49287889,60,0,0,E
0,115,5979352,74,0,0,E
0,121,65427332,73,0,0,E
0,109,64025742,60,1,0,E
0,131,56679544,88,0,0,E
0,126,40009924,84,0,0,E
0,198,6269286,90,0,0,E
0,195,33876624,83,0,0,E
0,125,35556516,74,0,0,E
0,102,73494209,69,0,0,E
0,215,44132244,76,1,0,E
0,234,31092232,73,1,0,E
0,163,94239548,78,0,0,E
0,127,40484966,78,0,0,E
0,118,8545247,61,0,0,E
0,129,7644263,55,1,0,E
0,208,97255748,80,0,0,E
0,151,27435399,68,0,0,E
0,155,12840128,89,0,0,E
0,154,56275735,60,0,0,E
0,166,55214540,71,0,0,E
0,136,39709093,78,0,0,E
0,141,42091694,88,0,0,E
0,192,33672568,66,1,0,E
0,199,81943190,83,0,0,E
0,147,6646503,85,0,0,E
0,175,35784057,59,0,0,E
0,201,93194304,64,0,0,E
0,117,83866944,76,1,0,E
0,197,62153860,60,0,0,E
0,106,93302189,71,1,0,E
0,195,54874467,85,0,0,E
0,208,11008789,56,0,0,E
0,123,90313163,58,1,0,E
0,222,9185003,63,0,0,E
0,224,26450252,65,1,0,E
0,164,55944651,59,0,0,E
0,172,6468259,68,1,0,E
0,129,36552692,84,0,0,E
0,128,80091587,80,0,0,E
0,135,53306729,87,0,0,E
0,233,52674548,69,1,0,E
0,182,14886372,89,0,0,E
0,173,53095263,80,0,0,E
0,161,23365729,72,0,0,E
0,190,95816870,81,0,0,E
1,367,14522158,84,0,0,A
1,366,6882857,74,1,1,A
1,382,7764751,82,0,0,A
1,396,1508498,57,1,0,A
1,359,3433384,58,1,0,A
1,395,13600726,78,1,0,A
1,385,53070909,43,1,1,A
1,396,3037910,72,1,1,A
1,363,46090040,35,1,0,A
1,374,26968324,49,1,1,A
1,372,13207712,48,1,1,A
1,392,14715413,79,0,0,A
1,397,31534994,38,1,0,A
1,384,11954309,85,0,1,A
1,361,11841104,80,0,0,A
1,382,4251141,21,1,0,A
1,395,27975840,32,1,0,A
1,391,66875412,29,0,0,A
1,373,52885042,41,1,1,A
1,384,55808850,31,0,0,A
1,359,7768798,90,0,0,A
1,377,39192855,30,1,0,A
1,363,30545247,48,1,0,A
1,385,1992417,85,0,1,A
1,379,42220940,48,1,0,A
1,392,49973217,39,1,0,A
1,384,10839030,24,1,1,A
1,353,12060434,29,1,0,A
1,384,25173567,46,1,0,A
1,356,5850254,64,1,1,A
1,398,14506238,24,1,0,A
1,396,8135901,58,1,1,A
1,360,14586302,81,0,1,A
1,389,5420628,90,0,1,A
1,363,16626508,49,1,0,A
1,383,51188700,26,1,1,A
1,360,12400429,54,1,0,A
1,383,68847673,43,1,1,A
1,358,13620381,76,1,1,A
1,364,2629785,72,1,0,A
1,375,5552598,54,1,0,A
1,376,7139861,57,1,1,A
1,369,40243720,43,0,1,A
1,370,37296214,28,1,0,A
1,360,28343111,28,1,0,A
1,355,51166744,43,1,0,A
1,394,4767939,20,1,0,A
1,362,7027418,60,1,0,A
1,372,5651017,19,1,0,A
1,390,12635733,74,1,1,A
1,376,7167951,67,0,1,A
1,362,6129740,85,0,0,A
1,374,9447793,84,0,1,A
1,355,10206705,48,1,0,A
1,396,8181925,21,1,1,A
1,393,69335224,36,1,1,A
1,379,11509549,81,0,1,A
1,373,55932105,38,0,0,A
1,370,57778312,36,1,0,A
1,358,2174764,24,1,1,A
1,374,13831827,90,0,0,A
1,394,3340945,82,0,1,A
1,379,7983116,87,0,0,A
1,392,41431673,41,1,1,A
1,392,44414429,44,1,0,A
1,372,18140880,25,0,1,A
1,392,68941966,49,0,0,A
1,371,69696064,38,1,1,A
1,376,4988973,47,1,1,A
1,391,21885273,27,1,1,A
1,354,4927658,88,0,1,A
1,378,14472040,58,1,1,A
1,356,12748602,56,1,1,A
1,367,14019052,54,1,0,A
1,397,29187015,39,1,1,A
1,370,6945964,72,1,0,A
1,359,760373,20,1,0,A
1,374,6904471,66,1,0,A
1,372,36363015,39,0,0,A
1,389,14261784,81,0,1,A
1,379,7384749,77,1,1,A
1,387,9151581,71,1,1,A
1,369,7444029,86,0,1,A
1,385,10396229,21,1,1,A
1,389,16315451,34,1,1,A
1,354,13535152,56,1,0,A
1,396,14199333,19,1,1,A
1,377,10337212,67,1,1,A
1,400,3114220,76,1,1,A
1,366,1610703,72,1,1,A
1,382,13632033,62,1,0,A
1,378,6051836,18,1,0,A
1,387,1188132,30,1,0,A
1,356,12080250,85,0,1,A
1,397,18902077,39,1,0,A
1,390,53364422,43,1,0,A
1,384,17447376,46,0,0,A
1,376,8599841,72,1,1,A
1,381,7359435,64,1,0,A
1,383,14662639,55,1,0,A
1,399,4841020,71,1,0,A
1,392,7501252,57,1,1,A
1,370,39784366,41,1,1,A
1,399,11050432,20,1,1,A
1,389,5085344,37,1,1,A
1,383,63767707,38,0,1,A
1,399,4333199,87,0,0,A
1,359,5970410,38,1,0,A
1,381,13599418,55,1,1,A
1,379,10918209,67,1,0,A
1,359,12621927,20,1,1,A
1,380,55535815,37,1,1,A
1,390,7034426,65,1,1,A
1,394,42679724,37,1,1,A
1,368,47128105,35,1,0,A
1,356,13107127,89,0,0,A
1,378,3230249,71,1,0,A
1,389,34193223,31,1,1,A
1,386,9208950,62,1,1,A
1,397,4042179,88,0,1,A
1,362,4323854,54,1,1,A
1,378,10720449,41,1,1,A
1,382,11079942,35,1,0,A
1,378,10412720,81,0,0,A
1,357,2666474,59,1,1,A
1,365,13122906,53,1,1,A
1,354,41511418,30,1,0,A
1,382,63642019,27,1,0,A
1,358,8066912,73,1,0,A
1,353,2694357,58,1,0,A
1,356,59005639,30,1,0,A
1,360,4504705,47,1,0,A
1,376,10887357,19,0,0,A
1,354,4764868,54,1,0,A
1,378,35764918,27,1,1,A
1,363,1404714,79,0,1,A
1,359,12074878,65,1,1,A
1,369,69323247,30,1,0,A
1,389,9056027,21,1,0,A
1,362,13712695,78,1,1,A
1,388,8440482,25,1,1,A
1,372,9200826,51,1,0,A
1,383,3958647,75,0,1,A
1,400,28076367,31,1,0,A
1,366,12580317,24,1,0,A
1,358,13918634,72,1,1,A
1,380,6619642,67,1,0,A
1,395,53417829,41,1,0,A
1,384,23838787,27,1,1,A
1,367,6209717,74,1,0,A
1,367,9267379,22,1,0,A
1,398,68712294,35,1,0,A
1,380,16652679,41,1,0,A
1,374,6159405,65,1,0,A
1,400,7940116,68,1,0,A
1,372,12348031,72,1,0,A
1,374,50151805,36,1,0,A
1,395,1231295,73,1,1,A
1,390,39901991,43,1,1,A
1,377,3799006,63,1,1,A
1,355,10020166,73,1,0,A
1,400,59392191,31,1,1,A
1,369,4685989,22,1,0,A
1,400,4306300,71,1,1,A
1,371,11484473,61,1,1,A
1,388,37313792,45,1,0,A
1,373,18029098,31,1,1,A
1,369,14433367,58,1,1,A
1,382,49561782,38,1,1,A
1,369,28586586,41,1,1,A
1,368,8461773,30,1,0,A
1,376,35713336,30,1,1,A
1,381,6698204,35,1,1,A
1,383,4293423,62,0,1,A
1,360,13330956,87,0,0,A
1,362,10814580,63,1,0,A
1,386,2767516,51,1,1,A
1,385,33391140,28,1,1,A
1,362,5057868,58,1,0,A
1,360,11793628,24,1,0,A
1,364,9394463,52,1,0,A
1,362,5668949,59,0,0,A
1,375,9679860,80,0,0,A
1,354,7894933,72,1,0,A
1,382,6354919,58,1,1,A
1,377,12054558,18,1,1,A
1,385,7214522,84,0,1,A
1,358,14934619,24,0,0,A
1,364,2997836,81,0,0,A
1,390,1336150,75,1,0,A
1,397,36865584,35,0,1,A
1,397,5337939,21,1,0,A
1,356,8453122,42,1,0,A
1,391,2604231,54,1,0,A
1,392,2166786,76,1,1,A
1,381,10110870,21,1,0,A
1,361,8049546,53,1,0,A
1,358,26379666,42,1,1,A
1,393,64291862,44,1,1,A
1,393,10122552,21,1,0,A
1,381,1273268,59,1,1,A
1,374,1972963,58,1,1,A
1,396,13305219,37,1,0,A
1,396,5370160,59,1,1,A
1,361,4335912,21,1,0,A
1,385,59747530,50,1,1,A
1,378,52679244,30,1,1,A
1,368,7465095,35,1,1,A
1,361,3184167,65,1,1,A
1,396,7848908,70,1,0,A
1,392,9469624,23,1,0,A
1,367,13618062,79,0,1,A
1,367,62384901,39,1,0,A
1,355,7782003,68,1,1,A
1,393,8588993,23,1,0,A
1,367,57007929,31,1,1,A
1,378,8571574,32,1,1,A
1,364,11522827,56,1,0,A
1,393,12350836,61,1,1,A
1,368,4563865,53,1,0,A
1,382,4507834,82,0,0,A
1,369,10437281,73,1,0,A
1,360,5052884,43,1,0,A
1,373,9655137,51,1,1,A
1,358,6259368,87,0,1,A
1,378,12246950,60,1,0,A
1,396,10881664,64,0,0,A
1,369,6036124,59,1,1,A
1,395,8463909,46,1,1,A
1,360,8200793,27,1,0,A
1,366,65575323,49,1,0,A
1,393,14677638,85,0,0,A
1,386,63981726,27,1,0,A
1,377,14094648,59,1,0,A
1,368,14879427,74,1,0,A
1,381,12008032,59,0,0,A
1,362,2216800,80,0,1,A
1,400,5297391,90,0,1,A
1,378,4122643,62,0,1,A
1,392,3688261,36,1,1,A
1,380,10855552,55,0,1,A
1,400,57157227,35,1,1,A
1,373,4448906,18,1,1,A
1,369,59753241,31,1,0,A
1,385,10042510,32,1,1,A
1,400,9121926,80,0,1,A
1,383,33461213,34,1,1,A
1,397,6800923,64,0,0,A
1,394,13003115,81,0,1,A
1,397,5292470,65,1,0,A
1,360,62748134,50,1,0,A
1,382,41151212,38,1,1,A
1,389,3079289,71,0,0,A
1,366,36883897,45,1,1,A
1,359,7178747,66,1,0,A
1,374,14037194,25,0,1,A
1,383,25714107,31,1,1,A
1,367,12396534,82,0,0,A
1,363,17524268,39,0,0,A
1,376,46708064,46,1,1,A
1,355,12132199,57,1,0,A
1,366,6748965,21,1,0,A
1,372,18546019,26,0,1,A
1,360,7530805,69,0,0,A
1,395,11587521,22,1,1,A
1,370,15860023,48,0,1,A
1,397,9948321,71,1,1,A
1,364,14791231,66,0,1,A
1,388,59955220,46,1,1,A
1,362,38015982,43,1,0,A
1,359,8435560,62,0,0,A
1,374,11093257,79,0,0,A
1,383,19828728,29,1,0,A
1,387,6137771,84,0,0,A
1,393,6475136,71,1,1,A
1,368,1898051,62,0,1,A
1,364,11134512,46,1,0,A
1,379,8002595,71,1,0,A
1,363,7404871,90,0,1,A
1,399,14668211,69,0,1,A
1,395,7293840,39,1,0,A
1,360,28311399,30,1,1,A
1,359,9413806,36,1,0,A
1,395,12204793,68,1,1,A
1,386,10336387,58,1,1,A
1,388,29992731,35,1,1,A
1,377,12401576,63,1,0,A
1,369,3207160,87,0,1,A
1,389,4895266,44,1,1,A
1,354,13896113,79,0,0,A
1,381,4245512,73,1,1,A
1,380,6947616,73,1,1,A
1,382,2160227,85,0,0,A
1,384,3753461,79,0,1,A
1,374,12424806,61,0,0,A
1,373,9567581,54,1,0,A
1,388,9830674,63,0,1,A
1,368,642609,59,1,1,A
1,361,13643394,89,0,1,A
1,354,10966664,83,0,1,A
1,374,2992285,50,1,1,A
1,383,21516807,49,1,0,A
1,364,12315227,75,0,0,A
1,370,12157997,25,1,1,A
1,357,52768733,33,1,0,A
1,399,2585523,23,1,1,A
1,365,36435941,26,1,1,A
1,390,68516470,40,1,1,A
1,369,690762,88,0,0,A
1,364,10915250,21,1,1,A
1,361,10323733,86,0,1,A
1,370,68231848,38,1,0,A
1,382,14081309,69,1,0,A
1,370,7605444,78,1,0,A
1,396,11346937,84,0,0,A
1,400,11510452,75,1,1,A
1,378,10420719,22,0,1,A
1,383,8112172,38,1,0,A
1,370,64443639,41,1,0,A
1,388,8522544,89,0,0,A
1,381,14748332,21,1,1,A
1,392,6031231,22,1,0,A
1,367,13508479,67,1,0,A
1,368,11249836,64,1,1,A
1,356,20004918,33,0,1,A
1,360,46728109,45,1,0,A
1,357,58099202,31,1,0,A
1,374,2208136,18,1,0,A
1,374,1510641,81,0,0,A
1,376,6868012,56,1,0,A
1,356,9384148,62,1,1,A
1,400,4981065,83,0,1,A
1,360,3087971,87,0,1,A
1,386,12833256,71,0,0,A
1,361,3910917,57,1,0,A
1,393,14087385,59,1,1,A
1,372,55602044,25,1,0,A
1,372,1348893,80,0,0,A
1,375,19299627,45,1,0,A
1,393,8225500,18,1,1,A
1,358,1368436,54,1,0,A
1,385,50961328,43,1,1,A
1,371,7759379,83,0,1,A
1,366,34562481,45,1,0,A
1,354,2718042,83,0,1,A
1,395,941400,51,1,1,A
1,387,5766826,58,1,0,A
1,364,5364193,88,0,1,A
1,360,625503,88,0,1,A
1,394,36076159,26,1,1,A
1,353,6904747,62,1,0,A
1,373,62426131,34,1,1,A
1,383,3730500,74,1,1,A
1,356,2850624,51,1,1,A
1,386,14846391,74,0,1,A
1,370,4366465,90,0,1,A
1,397,13666139,52,1,0,A
1,397,2381483,68,1,1,A
1,395,4166268,55,1,0,A
1,400,3135488,66,1,0,A
1,364,3560502,57,1,1,A
1,359,5476711,30,1,1,A
1,355,21943677,37,1,0,A
1,383,3497387,71,1,0,A
1,365,3410885,38,1,1,A
1,372,28687325,33,1,0,A
1,394,39083299,47,1,0,A
1,391,11778428,66,0,0,A
1,358,8484632,44,1,1,A
1,387,11872437,78,1,1,A
1,363,9035161,49,1,0,A
1,375,5199547,77,1,0,A
1,388,13592797,57,1,1,A
1,375,7913374,29,1,0,A
1,368,6964069,81,0,0,A
1,387,13296216,18,1,1,A
1,384,8583605,85,0,0,A
1,371,9437182,42,1,0,A
1,369,2760555,89,0,0,A
1,361,7262093,72,1,1,A
1,395,7339466,69,1,1,A
1,383,2287997,24,1,1,A
1,393,7571182,86,0,1,A
1,377,1320323,68,1,0,A
1,382,21952241,37,1,0,A
1,399,4207993,60,1,0,A
1,377,49001054,31,1,1,A
1,390,32449404,39,1,0,A
1,400,2592827,62,1,1,A
1,367,35557854,29,1,0,A
1,355,10677373,85,0,0,A
1,365,38141515,37,1,0,A
1,371,8790436,63,1,1,A
1,395,12223843,59,1,1,A
1,397,2831277,59,1,1,A
1,372,59405421,40,1,1,A
1,381,66577158,26,1,1,A
1,366,1761347,59,1,1,A
1,383,4008663,59,1,1,A
1,399,7027657,57,1,0,A
1,383,7120952,72,1,1,A
1,397,7127803,63,1,1,A
1,368,14546252,28,1,0,A
1,391,36627043,33,1,0,A
1,376,63667853,44,1,0,A
1,387,1985717,75,1,0,A
1,356,1130776,18,1,0,A
1,392,8331243,62,1,0,A
1,388,9447957,89,0,1,A
1,354,3400100,54,1,0,A
1,372,2112040,69,1,0,A
1,361,7066238,55,1,0,A
1,354,2018373,54,1,1,A
1,382,6630103,79,0,0,A
1,366,49157042,28,0,0,A
1,388,1070968,62,1,0,A
1,365,37453595,34,0,0,A
1,375,9530889,75,1,1,A
1,392,59936906,45,1,1,A
1,372,13647558,68,1,0,A
1,375,12479354,76,1,0,A
1,376,6485839,55,0,1,A
1,398,12416951,56,1,1,A
1,381,12578555,77,0,1,A
1,382,40304728,33,1,0,A
1,382,9261649,22,1,1,A
1,380,27927222,38,0,1,A
1,380,10653385,81,0,1,A
1,373,20558632,48,1,1,A
1,391,13249965,62,1,0,A
1,379,22121846,33,1,1,A
1,400,7325466,65,1,0,A
1,380,26968212,25,0,1,A
1,397,3387346,42,1,0,A
1,363,33325826,26,1,1,A
1,381,7967771,36,1,0,A
1,364,62947472,50,1,0,A
1,400,8059544,65,1,1,A
1,371,3282253,90,0,0,A
1,399,21454381,44,0,0,A
1,354,65012873,36,1,0,A
1,360,969473,65,0,1,A
1,364,10725385,80,0,1,A
1,395,58350362,36,1,0,A
1,368,14144387,77,1,0,A
1,365,50344283,28,1,1,A
1,393,4705491,26,0,1,A
1,371,3396890,53,1,0,A
1,361,60928760,47,0,1,A
1,379,1794971,78,1,0,A
1,384,2253944,62,1,1,A
1,396,14066404,18,1,0,A
1,354,3897897,85,0,0,A
1,397,16672896,49,1,1,A
1,377,8572869,58,1,0,A
1,395,41547104,43,1,0,A
1,364,13838490,59,1,1,A
1,374,38380005,25,1,0,A
1,354,11713223,81,0,1,A
1,360,30860755,34,1,1,A
1,367,66841252,27,0,0,A
1,390,4676515,46,1,1,A
1,372,5209738,54,1,0,A
1,366,5511161,90,0,0,A
1,393,54843124,25,1,1,A
1,383,13332803,65,1,0,A
1,390,12355558,62,1,1,A
1,365,9964447,87,0,0,A
1,360,827439,18,0,0,A
1,391,5953716,20,1,0,A
1,368,14003912,21,1,1,A
1,345,27623218,28,1,1,B
1,329,60402406,36,1,1,B
1,352,1985848,21,1,1,B
1,323,5657412,21,1,1,B
1,333,6860266,40,1,1,B
1,351,5466710,36,0,1,B
1,325,4983202,62,1,1,B
1,349,14969809,62,1,1,B
1,345,31780815,33,1,1,B
1,326,862842,51,1,1,B
1,324,14764889,18,1,1,B
1,348,9224673,90,0,1,B
1,350,3069790,55,1,1,B
1,333,33238096,42,1,1,B
1,336,13429134,50,1,1,B
1,328,10799201,62,1,1,B
1,342,61213232,30,1,1,B
1,335,9491646,84,0,1,B
1,336,15685555,31,0,1,B
1,348,15019524,28,1,1,B
1,335,14735032,58,1,1,B
1,319,10166132,83,0,1,B
1,324,7271300,63,1,1,B
1,321,10869182,52,1,1,B
1,341,12670071,38,1,1,B
1,319,31651163,46,1,1,B
1,331,10997290,49,1,1,B
1,340,1843228,73,0,1,B
1,318,14246746,81,0,1,B
1,321,39214389,41,1,1,B
1,329,14782413,88,0,1,B
1,326,12245960,40,1,1,B
1,333,1775836,61,1,1,B
1,329,14091990,53,1,1,B
1,323,6871213,80,0,1,B
1,347,51846432,50,1,1,B
1,338,33926515,32,1,1,B
1,351,4922434,67,1,1,B
1,330,18395810,50,1,1,B
1,327,10469118,89,0,1,B
1,335,1415709,19,0,1,B
1,320,11189758,84,0,1,B
1,320,2557370,54,1,1,B
1,351,7458402,26,0,1,B
1,337,55438312,32,1,1,B
1,339,27767402,38,1,1,B
1,353,13892645,54,1,1,B
1,337,57740438,35,1,1,B
1,349,38260779,31,0,1,B
1,317,11000898,52,1,1,B
1,346,4070433,81,0,1,B
1,343,11902090,22,1,1,B
1,347,32458151,41,1,1,B
1,319,7756739,84,0,1,B
1,323,4019758,25,1,1,B
1,324,12988436,38,1,1,B
1,325,8324152,24,1,1,B
1,331,14090869,75,1,1,B
1,336,29319374,38,1,1,B
1,336,48393742,47,1,1,B
1,328,31327248,39,1,1,B
1,332,31529116,35,0,1,B
1,322,7086980,75,1,1,B
1,351,13544093,90,0,1,B
1,352,9630996,86,0,1,B
1,325,55532051,26,1,1,B
1,335,12710856,86,0,1,B
1,347,3159330,72,1,1,B
1,319,8706387,21,1,1,B
1,348,7388316,67,0,1,B
1,347,4056924,37,1,1,B
1,345,9914053,89,0,1,B
1,340,28405015,38,1,1,B
1,328,745995,24,0,1,B
1,324,6185826,78,1,1,B
1,333,46724677,36,1,1,B
1,351,14001578,56,0,1,B
1,323,5666700,70,0,1,B
1,333,3241175,76,1,1,B
1,351,27188535,38,1,1,B
1,341,18939870,36,1,1,B
1,331,36969127,48,1,1,B
1,347,3078352,88,0,1,B
1,349,44253182,25,1,1,B
1,321,11276391,19,1,1,B
1,325,1860714,66,1,1,B
1,352,26862760,47,1,1,B
1,334,40597755,41,1,1,B
1,342,10554860,79,0,1,B
1,336,12350664,53,1,1,B
1,320,68590301,47,1,1,B
1,319,11570373,73,1,1,B
1,334,10553031,68,1,1,B
1,330,2093331,52,1,1,B
1,331,8959785,54,1,1,B
1,327,2468746,74,1,1,B
1,337,31069763,39,1,1,B
1,318,9596101,90,0,1,B
1,353,5771280,73,1,1,B
1,321,3302599,54,1,1,B
1,333,11447768,37,1,1,B
1,319,10166711,75,0,1,B
1,317,12793253,49,1,1,B
1,336,6571766,83,0,1,B
1,327,41746325,25,1,1,B
1,328,45209300,43,0,1,B
1,328,1478194,21,1,1,B
1,349,13978407,82,0,1,B
1,335,8924780,67,0,1,B
1,326,14831045,60,1,1,B
1,324,2215613,75,1,1,B
1,332,3883355,87,0,1,B
1,345,27158555,42,1,1,B
1,329,13548939,86,0,1,B
1,329,29206259,30,1,1,B
1,349,63177159,39,1,1,B
1,344,54545084,26,0,1,B
1,349,12940393,62,0,1,B
1,337,5558836,31,1,1,B
1,340,2298824,77,1,1,B
1,347,64672176,46,1,1,B
1,320,4237899,64,1,1,B
1,350,10078750,23,1,1,B
1,333,7694756,84,0,1,B
1,337,2267256,62,1,1,B
1,341,12881776,66,1,1,B
1,332,5459807,18,1,1,B
1,328,4943269,70,1,1,B
1,329,1698199,71,1,1,B
1,329,11898875,62,1,1,B
1,322,5468794,54,0,1,B
1,350,3545518,19,1,1,B
1,329,12029466,22,1,1,B
1,353,3631215,75,1,1,B
1,325,6617799,83,0,1,B
1,341,6439958,74,1,1,B
1,342,60397278,29,1,1,B
1,335,9495974,57,1,1,B
1,347,3738780,72,0,1,B
1,328,7956433,85,0,1,B
1,346,10487463,90,0,1,B
1,318,3813448,63,1,1,B
1,321,6252800,61,1,1,B
1,342,3792658,69,1,1,B
1,341,22302989,32,0,1,B
1,325,4481261,82,0,1,B
1,318,49475542,34,1,1,B
1,347,14348110,55,1,1,B
1,344,57355138,29,0,1,B
1,351,7163936,60,1,1,B
1,321,14252434,71,1,1,B
1,336,7256748,76,0,1,B
1,334,11647344,18,1,1,B
1,331,14653456,60,1,1,B
1,343,35473618,50,1,1,B
1,349,6212737,67,1,1,B
1,335,13815157,73,1,1,B
1,327,1540795,20,0,1,B
1,329,7163633,44,1,1,B
1,327,58129498,31,1,1,B
1,317,13351434,42,0,1,B
1,341,61068721,35,1,1,B
1,333,38317217,25,0,1,B
1,336,5150399,75,1,1,B
1,335,12995422,73,1,1,B
1,334,53855281,40,1,1,B
1,350,8158079,47,1,1,B
1,350,4261465,18,1,1,B
1,339,1036410,77,1,1,B
1,319,11356096,75,1,1,B
1,347,6260470,58,0,1,B
1,324,14448013,90,0,1,B
1,344,13065605,61,1,1,B
1,347,48180807,39,1,1,B
1,322,5523692,69,1,1,B
1,320,38767698,41,1,1,B
1,329,27799329,48,1,1,B
1,348,22252690,41,0,1,B
1,345,1899282,89,0,1,B
1,325,13874649,42,1,1,B
1,338,17355979,48,1,1,B
1,352,32661203,29,1,1,B
1,338,13875595,50,1,1,B
1,346,41459933,46,1,1,B
1,353,13415608,84,0,1,B
1,333,13952516,20,1,1,B
1,353,3891220,43,1,1,B
1,326,8417322,68,1,1,B
1,334,32672456,36,1,1,B
1,329,7431846,52,1,1,B
1,351,35309664,46,1,1,B
1,324,12262052,53,1,1,B
1,335,7339374,57,1,1,B
1,324,5002631,82,0,1,B
1,327,55798772,38,1,1,B
1,332,5007506,29,1,1,B
1,326,13573156,86,0,1,B
1,335,9312834,42,1,1,B
1,317,64096162,42,1,1,B
1,338,19254294,33,1,1,B
1,321,5821130,60,1,1,B
1,342,9663240,68,1,1,B
1,327,10041585,81,0,1,B
1,345,10492648,80,0,1,B
1,319,26644452,47,1,1,B
1,325,62890957,27,1,1,B
1,352,4823982,88,0,1,B
1,345,3951890,67,1,1,B
1,318,14784831,84,0,1,B
1,347,14380469,46,1,1,B
1,319,24987948,29,1,1,B
1,327,10407065,22,1,1,B
1,331,67237881,31,1,1,B
1,336,43085269,47,1,1,B
1,344,4289761,86,0,1,B
1,349,13367087,33,1,1,B
1,332,25380054,25,1,1,B
1,318,7161202,53,1,1,B
1,325,24977419,36,0,1,B
1,322,4263836,21,1,1,B
1,319,8982917,70,1,1,B
1,317,10290337,75,1,1,B
1,330,2132748,54,0,1,B
1,348,1175043,20,1,1,B
1,322,5887346,24,1,1,B
1,327,13267702,86,0,1,B
1,335,9608594,78,1,1,B
1,343,5093960,61,0,1,B
1,348,67602661,50,1,1,B
1,342,2093074,81,0,1,B
1,322,13651706,27,0,1,B
1,329,3123980,85,0,1,B
1,339,19274614,26,1,1,B
1,353,8038130,18,1,1,B
1,343,37671904,49,1,1,B
1,339,22815885,36,1,1,B
1,336,62823468,33,1,1,B
1,348,13656980,88,0,1,B
1,341,36954542,33,1,1,B
1,317,38662562,36,1,1,B
1,335,27735992,40,1,1,B
1,353,9838486,84,0,1,B
1,336,21835923,28,1,1,B
1,319,52460254,28,1,1,B
1,351,11442550,19,0,1,B
1,332,3564375,66,1,1,B
1,341,52230367,43,1,1,B
1,340,54279885,37,1,1,B
1,342,8339719,64,1,1,B
1,317,54059607,48,1,1,B
1,317,30123823,50,0,1,B
1,319,41058480,43,0,1,B
1,345,30172923,30,1,1,B
1,332,4045068,68,1,1,B
1,343,1084833,50,0,1,B
1,325,40156759,30,1,1,B
1,344,3720555,69,1,1,B
1,330,6641354,85,0,1,B
1,321,23391248,39,1,1,B
1,340,12961541,80,0,1,B
1,331,3787674,77,1,1,B
1,333,14659738,75,1,1,B
1,330,41556964,35,1,1,B
1,330,9816220,87,0,1,B
1,332,1154316,84,0,1,B
1,322,6500496,72,0,1,B
1,339,58940677,37,1,1,B
1,336,61807150,33,1,1,B
1,341,7456738,19,1,1,B
1,320,11813152,29,1,1,B
1,326,11878412,49,1,1,B
1,340,12568092,54,1,1,B
1,320,63485101,48,1,1,B
1,353,17766707,45,1,1,B
1,343,11510812,81,0,1,B
1,351,4908104,80,0,1,B
1,352,6847567,55,0,1,B
1,353,38238244,36,1,1,B
1,344,5834817,45,1,1,B
1,319,36688669,45,1,1,B
1,346,14775507,31,1,1,B
1,352,5911373,78,1,1,B
1,348,48364978,25,1,1,B
1,337,12915857,55,1,1,B
1,326,56733716,25,0,1,B
1,339,4931804,54,1,1,B
1,342,14771636,22,1,1,B
1,340,40642658,32,1,1,B
1,327,576481,23,1,1,B
1,345,3735583,72,0,1,B
1,326,5970668,84,0,1,B
1,317,9212047,74,1,1,B
1,319,53688764,25,0,1,B
1,329,5263898,76,0,1,B
1,340,55446692,48,1,1,B
1,334,7818353,68,0,1,B
1,333,4138600,55,1,1,B
1,336,9114095,58,1,1,B
1,332,54252895,25,1,1,B
1,350,12876093,71,1,1,B
1,319,5749040,51,1,1,B
1,320,1039532,84,0,1,B
1,328,3938088,82,0,1,B
1,335,5756475,22,1,1,B
1,318,9470824,20,1,1,B
1,337,10292350,63,1,1,B
1,334,2112276,85,0,1,B
1,333,12439785,74,1,1,B
1,352,13462791,68,1,1,B
1,343,814004,83,0,1,B
1,338,7799086,87,0,1,B
1,342,7722105,60,1,1,B
1,319,52974828,40,1,1,B
1,321,6473561,22,1,1,B
1,328,1497428,57,1,1,B
1,349,10957031,47,1,1,B
1,321,6972229,22,1,1,B
1,347,63232361,48,1,1,B
1,347,10326865,83,0,1,B
1,344,20689589,29,1,1,B
1,317,8222430,20,0,1,B
1,331,535121,60,1,1,B
1,322,68923216,37,1,1,B
1,347,3061196,20,1,1,B
1,350,48911547,38,1,1,B
1,329,11620775,76,0,1,B
1,322,17738912,50,1,1,B
1,333,5682880,44,1,1,B
1,338,58802076,40,0,1,B
1,317,3866309,71,1,1,B
1,340,8800359,87,0,1,B
1,332,9550515,67,1,1,B
1,335,4348229,64,1,1,B
1,330,2461430,69,1,1,B
1,338,1031319,75,1,1,B
1,340,3730416,66,1,1,B
1,347,44908120,26,0,1,B
1,318,8987903,82,0,1,B
1,318,2239691,71,1,1,B
1,322,11877103,56,1,1,B
1,338,10912738,59,1,1,B
1,323,14806959,86,0,1,B
1,331,9399281,71,1,1,B
1,339,7956591,70,0,1,B
1,338,8169357,68,1,1,B
1,330,5209159,20,1,1,B
1,337,12320749,53,1,1,B
1,345,10649234,23,0,1,B
1,320,1873053,56,1,1,B
1,330,9370691,25,1,1,B
1,335,14720389,56,1,1,B
1,342,5063063,19,1,1,B
1,349,12580262,83,0,1,B
1,332,684243,62,0,1,B
1,326,511359,22,0,1,B
1,343,6306659,60,0,1,B
1,341,1338264,77,1,1,B
1,345,10555025,88,0,1,B
1,331,50976159,34,1,1,B
1,337,4086328,89,0,1,B
1,350,9324527,51,1,1,B
1,327,20618417,32,1,1,B
1,329,43908217,29,1,1,B
1,323,7063488,83,0,1,B
1,352,28275460,39,1,1,B
1,333,56991050,34,1,1,B
1,348,62904310,49,1,1,B
1,326,14127463,83,0,1,B
1,335,49065589,39,1,1,B
1,340,12554333,24,1,1,B
1,345,18876150,33,1,1,B
1,319,53580233,27,0,1,B
1,321,11623686,73,1,1,B
1,350,10761295,69,1,1,B
1,344,4695312,24,0,1,B
1,347,10062765,62,1,1,B
1,334,32717531,30,1,1,B
1,324,2202787,66,1,1,B
1,336,6256489,84,0,1,B
1,333,22347020,45,1,1,B
1,346,45994476,30,1,1,B
1,342,10640236,18,0,1,B
1,330,4644045,47,0,1,B
1,347,13964044,62,1,1,B
1,335,13591352,61,1,1,B
1,322,2073349,75,1,1,B
1,319,12921552,88,0,1,B
1,333,25335699,43,1,1,B
1,349,43778826,48,1,1,B
1,321,60473098,27,1,1,B
1,335,14606944,72,1,1,B
1,348,882564,60,1,1,B
1,353,7522556,71,0,1,B
1,323,1429400,68,1,1,B
1,328,58024289,33,1,1,B
1,337,10637971,87,0,1,B
1,321,60143588,50,1,1,B
1,324,16379138,35,1,1,B
1,350,25244428,49,1,1,B
1,330,36645367,36,1,1,B
1,340,12064647,87,0,1,B
1,335,12763273,89,0,1,B
1,341,28730650,48,1,1,B
1,334,12415014,59,0,1,B
1,319,9684906,78,1,1,B
1,327,11403089,55,1,1,B
1,343,45017618,33,1,1,B
1,338,5110318,70,1,1,B
1,349,7375354,18,1,1,B
1,326,779328,64,1,1,B
1,332,2888745,82,0,1,B
1,344,67068849,33,1,1,B
1,351,7323277,69,1,1,B
1,346,6051320,81,0,1,B
1,317,950480,55,1,1,B
1,318,65619336,30,1,1,B
1,343,40967386,32,1,1,B
1,338,54412926,47,0,1,B
1,327,14568843,89,0,1,B
1,321,1285587,83,0,1,B
1,345,52617643,45,1,1,B
1,323,59127701,46,1,1,B
1,334,13016830,21,1,1,B
1,343,702617,85,0,1,B
1,351,8502623,36,0,1,B
1,333,50330523,29,1,1,B
1,326,1139153,72,1,1,B
1,332,64761528,26,1,1,B
1,342,33982641,37,1,1,B
1,322,53707457,35,1,1,B
1,322,6194082,52,1,1,B
1,338,2677129,83,0,1,B
1,324,4620891,87,0,1,B
1,335,46207196,33,1,1,B
1,352,4704369,52,1,1,B
1,309,11864241,72,1,1,C
1,307,12355956,68,0,1,C
1,282,4171880,59,1,1,C
1,317,4907875,63,0,1,C
1,314,1494871,67,1,1,C
1,300,3442046,19,1,1,C
1,283,36331494,30,1,1,C
1,293,2752951,88,0,1,C
1,283,2529686,80,0,1,C
1,307,5624732,21,1,1,C
1,315,5828810,21,1,1,C
1,282,13177141,88,0,1,C
1,296,7338770,83,0,1,C
1,286,5087923,43,1,1,C
1,315,4124991,23,1,1,C
1,306,2546542,55,1,1,C
1,295,21544092,34,0,1,C
1,298,53674914,27,1,1,C
1,293,7798310,64,1,1,C
1,296,10387583,75,1,1,C
1,315,4422599,56,1,1,C
1,284,4199973,22,1,1,C
1,303,12300743,69,0,1,C
1,290,14570193,45,1,1,C
1,302,13579918,77,1,1,C
1,312,12681334,78,0,1,C
1,307,6375937,69,0,1,C
1,290,17252622,39,1,1,C
1,289,52460904,48,1,1,C
1,291,7811690,84,0,1,C
1,296,37504427,37,1,1,C
1,286,9525409,23,1,1,C
1,297,11279931,75,1,1,C
1,316,12843577,25,1,1,C
1,285,3849406,53,0,1,C
1,314,10299771,51,0,1,C
1,312,12110440,18,1,1,C
1,316,1247655,82,0,1,C
1,295,27388091,29,1,1,C
1,285,11219226,53,1,1,C
1,317,11509777,78,1,1,C
1,314,10346464,82,0,1,C
1,306,10837650,22,1,1,C
1,292,31574881,37,1,1,C
1,295,23285384,27,1,1,C
1,296,13639437,27,1,1,C
1,300,2542989,34,1,1,C
1,288,4763674,77,1,1,C
1,284,14946732,84,0,1,C
1,316,54063561,50,1,1,C
1,307,4880504,78,1,1,C
1,311,3740498,44,1,1,C
1,285,7923755,83,0,1,C
1,281,26848512,32,1,1,C
1,289,35576440,35,1,1,C
1,295,12989239,64,1,1,C
1,309,13353332,60,1,1,C
1,308,8974236,60,1,1,C
1,282,7384213,67,0,1,C
1,298,13522410,64,1,1,C
1,315,14709231,66,0,1,C
1,286,6748270,60,1,1,C
1,287,32030352,40,0,1,C
1,295,19302854,27,1,1,C
1,311,5164845,72,0,1,C
1,282,50185481,36,1,1,C
1,304,1064929,79,0,1,C
1,283,8148831,65,1,1,C
1,314,1494683,80,0,1,C
1,297,3959627,63,1,1,C
1,305,14315170,66,1,1,C
1,306,9179002,71,1,1,C
1,298,10568928,47,1,1,C
1,288,8159075,84,0,1,C
1,300,6827553,72,1,1,C
1,291,5180131,76,1,1,C
1,308,7785914,70,1,1,C
1,298,47305259,31,1,1,C
1,296,4875739,65,0,1,C
1,301,754431,55,1,1,C
1,290,7329044,57,1,1,C
1,283,5464905,51,1,1,C
1,293,3057547,20,1,1,C
1,290,14609191,23,1,1,C
1,296,2707957,69,1,1,C
1,307,39401590,43,1,1,C
1,312,10621872,19,1,1,C
1,306,11872615,84,0,1,C
1,305,8485430,69,1,1,C
1,296,3902234,20,1,1,C
1,311,691363,67,1,1,C
1,315,39248978,43,1,1,C
1,316,2344506,70,1,1,C
1,308,4833533,31,0,1,C
1,309,3011365,65,0,1,C
1,296,39706541,50,1,1,C
1,290,5882779,25,1,1,C
1,291,61153800,46,1,1,C
1,314,5764896,69,0,1,C
1,308,10361050,56,1,1,C
1,287,26874351,45,1,1,C
1,302,11446345,70,1,1,C
1,312,69248253,46,1,1,C
1,313,3297514,55,1,1,C
1,282,5224814,87,0,1,C
1,290,39851423,27,1,1,C
1,287,67089155,32,0,1,C
1,311,4270184,22,1,1,C
1,288,7117616,74,0,1,C
1,317,10777284,67,1,1,C
1,310,32333543,34,1,1,C
1,302,31450986,28,1,1,C
1,313,22066810,50,1,1,C
1,306,6589854,25,1,1,C
1,292,8540024,83,0,1,C
1,299,7099522,74,1,1,C
1,284,24729067,32,1,1,C
1,317,49020998,32,1,1,C
1,302,8151716,36,1,1,C
1,295,33186766,43,1,1,C
1,311,42312265,27,1,1,C
1,293,7501817,72,1,1,C
1,283,4503385,65,1,1,C
1,299,2051149,84,0,1,C
1,317,10334497,71,1,1,C
1,283,7683026,56,1,1,C
1,291,19265960,44,1,1,C
1,306,48154475,31,1,1,C
1,309,7552908,23,1,1,C
1,282,10179649,54,1,1,C
1,301,13677873,18,1,1,C
1,304,8321989,19,1,1,C
1,311,12629546,62,1,1,C
1,288,46569965,46,0,1,C
1,306,4830823,80,0,1,C
1,312,10746726,19,1,1,C
1,290,9299036,62,1,1,C
1,302,11428473,26,1,1,C
1,313,9963210,83,0,1,C
1,304,8963444,54,1,1,C
1,309,36607322,43,1,1,C
1,304,3534692,68,0,1,C
1,288,28360944,46,1,1,C
1,289,693415,60,1,1,C
1,293,12350246,77,1,1,C
1,288,6048112,79,0,1,C
1,288,66222114,40,1,1,C
1,285,10081583,48,1,1,C
1,316,14550059,71,1,1,C
1,295,7998324,61,0,1,C
1,290,14200091,68,1,1,C
1,291,12181408,72,1,1,C
1,312,24808744,48,1,1,C
1,291,13515231,81,0,1,C
1,314,4503765,44,1,1,C
1,305,28618463,45,0,1,C
1,282,13260938,58,1,1,C
1,308,55613642,35,1,1,C
1,305,38079265,36,0,1,C
1,303,44634953,38,0,1,C
1,286,4717131,86,0,1,C
1,312,9653176,18,1,1,C
1,312,12718641,18,1,1,C
1,313,4996061,79,0,1,C
1,281,28957605,35,1,1,C
1,299,2035913,71,1,1,C
1,312,6755545,23,1,1,C
1,290,36330898,38,1,1,C
1,293,8381725,63,1,1,C
1,297,8830745,69,1,1,C
1,298,30887725,37,1,1,C
1,287,38188750,32,1,1,C
1,290,33662195,40,1,1,C
1,310,12072722,61,1,1,C
1,312,9248335,59,1,1,C
1,311,4805093,59,1,1,C
1,283,4911385,40,1,1,C
1,285,54680731,40,1,1,C
1,315,29133728,25,1,1,C
1,286,3241229,54,1,1,C
1,289,3773835,38,0,1,C
1,313,8422914,61,0,1,C
1,287,3008135,68,1,1,C
1,308,6088863,75,0,1,C
1,296,13697947,61,1,1,C
1,298,11915619,41,1,1,C
1,314,7673898,85,0,1,C
1,302,9983990,43,1,1,C
1,296,7514954,87,0,1,C
1,289,14373751,76,1,1,C
1,307,12037355,68,0,1,C
1,300,11618281,24,1,1,C
1,305,998233,57,1,1,C
1,308,2305481,18,1,1,C
1,308,8901057,70,1,1,C
1,285,55699839,44,1,1,C
1,308,2340407,75,1,1,C
1,285,3827184,84,0,1,C
1,283,13934153,20,0,1,C
1,286,14577793,53,1,1,C
1,309,62443306,36,0,1,C
1,292,6253011,55,1,1,C
1,317,9327166,67,0,1,C
1,287,3223538,57,1,1,C
1,300,12532936,81,0,1,C
1,317,12219939,49,1,1,C
1,295,56247906,49,1,1,C
1,281,11959679,60,1,1,C
1,283,19444564,49,1,1,C
1,309,14969606,20,1,1,C
1,298,4406661,46,1,1,C
1,288,15833334,32,1,1,C
1,307,4868013,60,1,1,C
1,307,11331990,72,1,1,C
1,304,11027767,80,0,1,C
1,301,66629940,47,1,1,C
1,282,11718760,88,0,1,C
1,291,9708771,89,0,1,C
1,314,7608224,60,1,1,C
1,310,4863033,61,1,1,C
1,311,6754584,34,1,1,C
1,304,24376445,37,1,1,C
1,297,18590552,30,1,1,C
1,284,2407276,47,1,1,C
1,288,5725596,53,1,1,C
1,297,42858409,25,1,1,C
1,309,14234067,23,1,1,C
1,306,7104504,74,1,1,C
1,290,14489351,80,0,1,C
1,306,6988889,64,1,1,C
1,296,10138813,71,0,1,C
1,307,3284291,72,1,1,C
1,294,10503731,58,1,1,C
1,300,49092669,29,1,1,C
1,290,29539438,25,1,1,C
1,310,61879069,46,1,1,C
1,288,5161671,54,1,1,C
1,286,6093873,54,1,1,C
1,313,32764937,48,1,1,C
1,283,13112292,80,0,1,C
1,310,9377225,73,1,1,C
1,304,14137218,22,1,1,C
1,292,2104289,86,0,1,C
1,281,41619593,29,1,1,C
1,310,11676811,53,1,1,C
1,297,47448213,32,0,1,C
1,306,49934670,34,0,1,C
1,267,9460757,28,0,1,D
1,248,4332624,63,1,1,D
1,258,889073,69,1,1,D
1,240,6852813,64,1,1,D
1,275,14302929,55,1,1,D
1,244,3866831,81,0,1,D
1,254,39572607,33,1,1,D
1,279,9729079,20,0,1,D
1,244,10046994,58,1,1,D
1,271,11456555,84,0,1,D
1,264,32594001,42,1,1,D
1,266,64661444,26,1,1,D
1,249,14068719,87,0,1,D
1,263,11542213,20,1,1,D
1,246,17444901,42,1,1,D
1,267,3971716,62,1,1,D
1,274,1183709,69,1,1,D
1,241,5926429,81,0,1,D
1,250,5382101,81,0,1,D
1,280,3882789,74,0,1,D
1,258,27208406,29,1,1,D
1,246,2661902,62,1,1,D
1,279,21135784,44,0,1,D
1,263,12939152,74,0,1,D
1,237,12452557,90,0,1,D
1,263,12150954,58,1,1,D
1,236,69809474,35,1,1,D
1,279,2851076,63,1,1,D
1,265,5230576,36,1,1,D
1,262,33009097,27,1,1,D
1,241,3775365,65,1,1,D
1,271,18271664,35,1,1,D
1,247,13936990,60,1,1,D
1,271,1598675,53,1,1,D
1,240,1299050,53,1,1,D
1,271,3887085,24,1,1,D
1,263,2784856,80,0,1,D
1,247,11442758,86,0,1,D
1,243,12015315,51,1,1,D
1,257,65037357,46,1,1,D
1,274,13488266,60,1,1,D
1,257,15931527,47,1,1,D
1,267,52569834,49,1,1,D
1,277,10852043,56,1,1,D
1,242,46744276,49,1,1,D
1,279,65252373,38,1,1,D
1,273,28829158,39,1,1,D
1,240,13082658,79,0,1,D
1,239,33673852,38,1,1,D
1,265,12752202,25,1,1,D
1,261,1232430,58,1,1,D
1,271,68603548,47,1,1,D
1,248,6328323,66,1,1,D
1,238,16438704,41,0,1,D
1,256,13351258,51,1,1,D
1,247,9766740,72,1,1,D
1,256,9894376,75,1,1,D
1,244,13462473,85,0,1,D
1,249,7527381,89,0,1,D
1,241,13345987,61,1,1,D
1,248,55351461,25,1,1,D
1,241,14118216,64,1,1,D
1,261,44009058,41,1,1,D
1,281,13834827,87,0,1,D
1,244,4335004,77,1,1,D
1,262,12395868,81,0,1,D
1,242,13814043,25,1,1,D
1,263,6676144,67,1,1,D
1,266,40059206,49,1,1,D
1,253,12742245,64,1,1,D
1,258,5899419,53,1,1,D
1,269,6065659,23,1,1,D
1,235,35470672,49,1,1,D
1,263,1854360,87,0,1,D
1,270,18365961,39,0,1,D
1,266,38308018,43,1,1,D
1,237,5797740,20,1,1,D
1,262,4620218,24,1,1,D
1,260,6317535,66,1,1,D
1,264,69466698,27,1,1,D
1,267,39741077,31,0,1,D
1,262,18859456,42,1,1,D
1,242,774696,77,1,1,D
1,246,5975913,72,1,1,D
1,249,13144411,88,0,1,D
1,256,31410846,27,1,1,D
1,267,43128068,26,1,1,D
1,235,10366026,67,1,1,D
1,278,6655665,83,0,1,D
1,279,9534003,83,0,1,D
1,250,11497537,42,1,1,D
1,276,12838621,89,0,1,D
1,266,9864273,63,1,1,D
1,244,8372483,23,1,1,D
1,243,4680652,58,1,1,D
1,277,1146365,21,1,1,D
1,258,7421480,51,0,1,D
1,275,55073551,47,1,1,D
1,276,1563182,35,1,1,D
1,274,8968166,69,1,1,D
1,258,11432260,83,0,1,D
1,276,65420616,26,1,1,D
1,278,14494303,83,0,1,D
1,255,2266637,88,0,1,D
1,256,59196992,37,0,1,D
1,279,4828170,19,1,1,D
1,281,15458048,48,0,1,D
1,243,60695670,25,1,1,D
1,272,3326181,69,1,1,D
1,249,11081858,67,1,1,D
1,276,10266500,65,1,1,D
1,243,6685895,89,0,1,D
1,260,1278618,61,1,1,D
1,237,10697444,56,1,1,D
1,244,10943029,20,1,1,D
1,245,2713806,47,1,1,D
1,260,6178772,88,0,1,D
1,244,20090008,39,1,1,D
1,279,5893683,51,1,1,D
1,254,38634519,44,1,1,D
1,239,12591201,79,0,1,D
1,258,2958157,64,1,1,D
1,276,11537265,74,1,1,D
1,278,12863586,20,1,1,D
1,250,3392198,53,1,1,D
1,263,11542848,82,0,1,D
1,267,3852100,58,1,1,D
1,278,13608920,63,1,1,D
1,258,40618929,39,1,1,D
1,245,33195232,31,1,1,D
1,236,3960553,20,1,1,D
1,127,2446659,76,1,1,E
1,206,3917858,85,0,1,E
1,151,2591605,33,1,1,E
1,142,1279024,88,0,1,E
1,227,3289880,28,1,1,E
1,110,5824207,40,1,1,E
1,160,3901806,35,1,1,E
1,157,10979892,62,1,1,E
1,123,9072059,88,0,1,E
1,123,4353190,64,1,1,E
1,229,13026512,23,1,1,E
1,193,3863099,32,1,1,E
1,115,12506441,53,0,1,E
